[{"@type":"mappingTemplate","id":"@1","name":"SGA_GHADA_ShippingFiles.","description":"","bundleVersion":"0","templateId":"@3","deployTime":1611315647000,"hasParameters":false,"valid":true,"fixedConnection":true,"hasParametersDeployed":false,"fixedConnectionDeployed":true,"tasks":0,"mappingPreviewFileRecordId":"@2","documentType":"MAPPING","references":[{"@type":"reference","refObjectId":"@4GxGsJF02wHdvxFF9iL1wv","refType":"connection"},{"@type":"reference","refObjectId":"@2hwN7A7wKiQhcEFl9chLk6","refType":"connection"}]}]